{
  "single_10runs": {
    "e2e_mean": 8.163868760800687,
    "e2e_p90": 8.333004160696873,
    "e2e_p99": 8.353739923371178,
    "ttft_mean": 5730.488832000992,
    "ttft_p90": 5898.722671403084,
    "tpot_mean": 9.811921136292034,
    "tpot_p90": 9.815769160911348,
    "n": 10
  },
  "qps_0.1": {
    "e2e_mean": 3.2615285864972976,
    "e2e_p90": 3.27877776649111,
    "e2e_p99": 7.81689349054781,
    "ttft_mean": 825.6236474990146,
    "ttft_p90": 827.7383736945902,
    "tpot_mean": 9.822101879440345,
    "tpot_p90": 9.833326989545668,
    "n": 10
  },
  "qps_0.15": {
    "e2e_mean": 3.300370329603902,
    "e2e_p90": 3.508064696702056,
    "e2e_p99": 7.7658764231810355,
    "ttft_mean": 830.0418478000211,
    "ttft_p90": 1057.26437049161,
    "tpot_mean": 9.956745051866514,
    "tpot_p90": 10.329956020817779,
    "n": 10
  },
  "qps_0.2": {
    "e2e_mean": 3.3814356595961725,
    "e2e_p90": 4.1329399039939725,
    "e2e_p99": 8.167721923702338,
    "ttft_mean": 895.7050028984668,
    "ttft_p90": 1442.8524340910353,
    "tpot_mean": 10.0142902831851,
    "tpot_p90": 10.803489031764093,
    "n": 10
  },
  "qps_0.25": {
    "e2e_mean": 3.477458241104614,
    "e2e_p90": 4.970483664012862,
    "e2e_p99": 8.192829973203771,
    "ttft_mean": 967.8758961003041,
    "ttft_p90": 2194.413061001977,
    "tpot_mean": 10.106137247089755,
    "tpot_p90": 11.148773108455437,
    "n": 10
  },
  "qps_0.3": {
    "e2e_mean": 3.638081864899141,
    "e2e_p90": 5.897364554701197,
    "e2e_p99": 8.579212506273326,
    "ttft_mean": 1056.2284477011417,
    "ttft_p90": 2919.6636858090633,
    "tpot_mean": 10.396366127565773,
    "tpot_p90": 11.958531449358615,
    "n": 10
  },
  "qps_0.4": {
    "e2e_mean": 3.8124374295017334,
    "e2e_p90": 6.609472644007473,
    "e2e_p99": 8.6133068255907,
    "ttft_mean": 1205.427293201501,
    "ttft_p90": 3711.568525605252,
    "tpot_mean": 10.502805964952424,
    "tpot_p90": 11.738062502042416,
    "n": 10
  },
  "qps_0.5": {
    "e2e_mean": 4.128436225000769,
    "e2e_p90": 7.145774550095665,
    "e2e_p99": 8.745114828612714,
    "ttft_mean": 1388.3531209008652,
    "ttft_p90": 4195.305659099539,
    "tpot_mean": 11.032966788474395,
    "tpot_p90": 11.94484038054585,
    "n": 10
  },
  "qps_0.7": {
    "e2e_mean": 4.873710982002376,
    "e2e_p90": 8.212841093103634,
    "e2e_p99": 9.3470382479165,
    "ttft_mean": 1932.9328222025651,
    "ttft_p90": 5145.607650901366,
    "tpot_mean": 11.910743545017194,
    "tpot_p90": 12.52070231019871,
    "n": 10
  },
  "qps_1.0": {
    "e2e_mean": 5.310575340497598,
    "e2e_p90": 8.126954468092299,
    "e2e_p99": 8.914081097609014,
    "ttft_mean": 2372.5466695977957,
    "ttft_p90": 5178.607433100115,
    "tpot_mean": 11.944623131270573,
    "tpot_p90": 12.14297463927558,
    "n": 10
  },
  "burst_1": {
    "e2e_mean": 8.400857932996587,
    "e2e_p90": 0.0,
    "e2e_p99": 0.0,
    "ttft_mean": 5964.818576001562,
    "ttft_p90": 0.0,
    "tpot_mean": 9.822632729816588,
    "tpot_p90": 0.0,
    "n": 1
  },
  "burst_2": {
    "e2e_mean": 8.534886549001385,
    "e2e_p90": 8.53830697140802,
    "e2e_p99": 8.539076566449513,
    "ttft_mean": 5854.170910504763,
    "ttft_p90": 5858.590604507481,
    "tpot_mean": 10.809249631018892,
    "tpot_p90": 10.813267177804992,
    "n": 2
  },
  "burst_5": {
    "e2e_mean": 9.143284582003252,
    "e2e_p90": 9.14579252700787,
    "e2e_p99": 9.145803550205892,
    "ttft_mean": 6261.138014000608,
    "ttft_p90": 6263.982489003683,
    "tpot_mean": 11.86039332510499,
    "tpot_p90": 11.862534551412718,
    "n": 5
  },
  "burst_8": {
    "e2e_mean": 8.65540475375019,
    "e2e_p90": 8.658538448007313,
    "e2e_p99": 8.658663666796345,
    "ttft_mean": 6018.935579999379,
    "ttft_p90": 6021.015541999077,
    "tpot_mean": 11.076527904411446,
    "tpot_p90": 11.081151176449948,
    "n": 8
  },
  "burst_10": {
    "e2e_mean": 9.383549499801301,
    "e2e_p90": 11.699279345691322,
    "e2e_p99": 11.706494596471313,
    "ttft_mean": 6719.1054778013495,
    "ttft_p90": 9019.851706594636,
    "tpot_mean": 11.103876493914456,
    "tpot_p90": 11.195232033610448,
    "n": 10
  },
  "burst_15": {
    "e2e_mean": 10.019057011265735,
    "e2e_p90": 11.734969884401654,
    "e2e_p99": 11.735395305800775,
    "ttft_mean": 7268.372793200736,
    "ttft_p90": 8870.607974400627,
    "tpot_mean": 11.486788151848055,
    "tpot_p90": 11.884664970955374,
    "n": 15
  },
  "burst_20": {
    "e2e_mean": 11.265742926500389,
    "e2e_p90": 14.877278167009353,
    "e2e_p99": 14.878364144795633,
    "ttft_mean": 8600.811495100788,
    "ttft_p90": 12147.161152004264,
    "tpot_mean": 11.130889569350705,
    "tpot_p90": 11.149404336131685,
    "n": 20
  },
  "burst_30": {
    "e2e_mean": 13.068753402733515,
    "e2e_p90": 18.07426365400315,
    "e2e_p99": 18.07497565391037,
    "ttft_mean": 10368.530167968129,
    "ttft_p90": 15202.317629999015,
    "tpot_mean": 11.304993242573127,
    "tpot_p90": 11.863335334705015,
    "n": 30
  }
}