{
  "single_10runs": {
    "n_runs": 10,
    "n_prompts": 1,
    "ttft_mean": 1108.3440000000003,
    "ttft_p90": 1115.1789999999996,
    "ttft_p99": 2066.9209,
    "tpot_mean": 8.826999999999998,
    "tpot_p90": 8.834,
    "tpot_p99": 9.9194,
    "e2e_mean": 3.3062669999999996,
    "e2e_p90": 3.312657999999999,
    "e2e_p99": 4.5366328000000005,
    "output_tok_s": 76.66600000000001
  },
  "qps_0.1": {
    "n_runs": 10,
    "n_prompts": 10,
    "ttft_mean": 967.1189999999999,
    "ttft_p90": 1066.729,
    "ttft_p99": 1068.5029,
    "tpot_mean": 9.897,
    "tpot_p90": 11.431,
    "tpot_p99": 11.4391,
    "e2e_mean": 3.4314720000000003,
    "e2e_p90": 3.7913949999999996,
    "e2e_p99": 3.9046735,
    "output_tok_s": 24.229
  },
  "qps_0.15": {
    "n_runs": 10,
    "n_prompts": 10,
    "ttft_mean": 1032.723,
    "ttft_p90": 1072.438,
    "ttft_p99": 1086.7587999999998,
    "tpot_mean": 10.639999999999997,
    "tpot_p90": 12.219999999999999,
    "tpot_p99": 13.03,
    "e2e_mean": 3.682083,
    "e2e_p90": 4.111579,
    "e2e_p99": 4.2981139,
    "output_tok_s": 35.794
  },
  "qps_0.2": {
    "n_runs": 10,
    "n_prompts": 10,
    "ttft_mean": 1046.8220000000001,
    "ttft_p90": 1101.274,
    "ttft_p99": 1107.1384,
    "tpot_mean": 11.793,
    "tpot_p90": 13.822,
    "tpot_p99": 14.972199999999999,
    "e2e_mean": 3.9832790000000005,
    "e2e_p90": 4.540734999999999,
    "e2e_p99": 4.8150414999999995,
    "output_tok_s": 46.997
  },
  "qps_0.25": {
    "n_runs": 10,
    "n_prompts": 10,
    "ttft_mean": 1067.3200000000002,
    "ttft_p90": 1129.095,
    "ttft_p99": 1201.1445,
    "tpot_mean": 12.645,
    "tpot_p90": 14.244,
    "tpot_p99": 15.0864,
    "e2e_mean": 4.215925,
    "e2e_p90": 4.667814,
    "e2e_p99": 4.9568544,
    "output_tok_s": 57.852999999999994
  },
  "qps_0.3": {
    "n_runs": 10,
    "n_prompts": 10,
    "ttft_mean": 1105.821,
    "ttft_p90": 1196.463,
    "ttft_p99": 1421.1003,
    "tpot_mean": 13.657,
    "tpot_p90": 15.539,
    "tpot_p99": 15.692900000000002,
    "e2e_mean": 4.506414,
    "e2e_p90": 5.034507,
    "e2e_p99": 5.2246707,
    "output_tok_s": 68.35300000000001
  },
  "qps_0.4": {
    "n_runs": 10,
    "n_prompts": 10,
    "ttft_mean": 1209.538,
    "ttft_p90": 1578.512,
    "ttft_p99": 1759.4012,
    "tpot_mean": 14.871999999999996,
    "tpot_p90": 16.544999999999998,
    "tpot_p99": 17.3145,
    "e2e_mean": 4.912666,
    "e2e_p90": 5.4509479999999995,
    "e2e_p99": 5.4767708,
    "output_tok_s": 88.35900000000001
  },
  "qps_0.5": {
    "n_runs": 10,
    "n_prompts": 10,
    "ttft_mean": 1339.7720000000002,
    "ttft_p90": 1716.274,
    "ttft_p99": 2075.5414,
    "tpot_mean": 17.685,
    "tpot_p90": 18.621999999999993,
    "tpot_p99": 27.7912,
    "e2e_mean": 5.743337,
    "e2e_p90": 6.444247,
    "e2e_p99": 8.3092477,
    "output_tok_s": 105.84099999999998
  },
  "qps_0.7": {
    "n_runs": 10,
    "n_prompts": 10,
    "ttft_mean": 1564.59,
    "ttft_p90": 1894.831,
    "ttft_p99": 2252.8591,
    "tpot_mean": 20.678999999999995,
    "tpot_p90": 23.193999999999996,
    "tpot_p99": 26.1424,
    "e2e_mean": 6.713661,
    "e2e_p90": 7.668906,
    "e2e_p99": 8.0348316,
    "output_tok_s": 138.66799999999998
  },
  "qps_1.0": {
    "n_runs": 10,
    "n_prompts": 10,
    "ttft_mean": 2067.253,
    "ttft_p90": 2351.573,
    "ttft_p99": 2553.1253,
    "tpot_mean": 25.141,
    "tpot_p90": 27.003,
    "tpot_p99": 27.1083,
    "e2e_mean": 8.327361999999999,
    "e2e_p90": 8.786843000000001,
    "e2e_p99": 9.0792773,
    "output_tok_s": 170.64299999999997
  },
  "burst_1": {
    "n_runs": 10,
    "n_prompts": 1,
    "ttft_mean": 535.71,
    "ttft_p90": 996.4639999999999,
    "ttft_p99": 998.9264000000001,
    "tpot_mean": 8.687,
    "tpot_p90": 8.690999999999999,
    "tpot_p99": 8.6991,
    "e2e_mean": 2.698773,
    "e2e_p90": 3.1582039999999996,
    "e2e_p99": 3.1625294,
    "output_tok_s": 95.354
  },
  "burst_2": {
    "n_runs": 10,
    "n_prompts": 2,
    "ttft_mean": 592.347,
    "ttft_p90": 1060.2839999999999,
    "ttft_p99": 1066.0674000000001,
    "tpot_mean": 9.733,
    "tpot_p90": 9.754,
    "tpot_p99": 9.786399999999999,
    "e2e_mean": 3.015864,
    "e2e_p90": 3.4800660000000003,
    "e2e_p99": 3.5019845999999997,
    "output_tok_s": 169.699
  },
  "burst_5": {
    "n_runs": 10,
    "n_prompts": 5,
    "ttft_mean": 1797.253,
    "ttft_p90": 3005.1870000000004,
    "ttft_p99": 3024.5217000000002,
    "tpot_mean": 11.908000000000001,
    "tpot_p90": 13.578,
    "tpot_p99": 15.991800000000001,
    "e2e_mean": 4.762345,
    "e2e_p90": 5.568242,
    "e2e_p99": 5.582595199999999,
    "output_tok_s": 283.27799999999996
  },
  "burst_8": {
    "n_runs": 10,
    "n_prompts": 8,
    "ttft_mean": 1971.839,
    "ttft_p90": 2484.406,
    "ttft_p99": 2765.8486,
    "tpot_mean": 14.752,
    "tpot_p90": 16.993000000000002,
    "tpot_p99": 17.9893,
    "e2e_mean": 5.645087000000001,
    "e2e_p90": 5.68414,
    "e2e_p99": 5.713299999999999,
    "output_tok_s": 350.9700000000001
  },
  "burst_10": {
    "n_runs": 10,
    "n_prompts": 10,
    "ttft_mean": 1588.947,
    "ttft_p90": 2133.421,
    "ttft_p99": 2156.9191,
    "tpot_mean": 13.844,
    "tpot_p90": 16.044,
    "tpot_p99": 16.3194,
    "e2e_mean": 5.036103000000001,
    "e2e_p90": 5.105567000000001,
    "e2e_p99": 5.290060700000001,
    "output_tok_s": 489.669
  },
  "burst_15": {
    "n_runs": 10,
    "n_prompts": 15,
    "ttft_mean": 3762.678,
    "ttft_p90": 8592.207,
    "ttft_p99": 8643.5367,
    "tpot_mean": 24.891,
    "tpot_p90": 32.323,
    "tpot_p99": 32.347300000000004,
    "e2e_mean": 9.960536999999999,
    "e2e_p90": 16.646610000000003,
    "e2e_p99": 16.691889,
    "output_tok_s": 405.042
  },
  "burst_20": {
    "n_runs": 10,
    "n_prompts": 20,
    "ttft_mean": 10851.264000000001,
    "ttft_p90": 10866.509,
    "ttft_p99": 10874.276899999999,
    "tpot_mean": 43.233,
    "tpot_p90": 43.437,
    "tpot_p99": 43.4937,
    "e2e_mean": 21.616281000000004,
    "e2e_p90": 21.650694,
    "e2e_p99": 21.669680399999997,
    "output_tok_s": 230.92799999999997
  },
  "burst_30": {
    "n_runs": 10,
    "n_prompts": 30,
    "ttft_mean": 15541.929999999998,
    "ttft_p90": 15649.389000000001,
    "ttft_p99": 15690.2049,
    "tpot_mean": 62.913,
    "tpot_p90": 63.024,
    "tpot_p99": 63.056400000000004,
    "e2e_mean": 31.207267,
    "e2e_p90": 31.277127,
    "e2e_p99": 31.3421457,
    "output_tok_s": 239.879
  }
}