{
  "single_10runs": {
    "e2e_mean": 2.0914170026779173,
    "e2e_p90": 2.5233998775482176,
    "e2e_p99": 2.5250803995132447,
    "ttft_mean": 705.9360504150391,
    "ttft_p90": 707.2075366973877,
    "tpot_mean": 7.233839082869826,
    "tpot_p90": 7.2971472299721345,
    "n_ok": 10,
    "n_total": 10
  },
  "qps_0.1": {
    "e2e_mean": 2.0806919813156126,
    "e2e_p90": 2.525343132019043,
    "e2e_p99": 2.525450892448425,
    "ttft_mean": 706.6141605377197,
    "ttft_p90": 707.5188159942627,
    "tpot_mean": 7.272973168758028,
    "tpot_p90": 7.304047197701941,
    "n_ok": 10,
    "n_total": 10
  },
  "qps_0.15": {
    "e2e_mean": 2.190719151496887,
    "e2e_p90": 2.4979137182235718,
    "e2e_p99": 2.517894780635834,
    "ttft_mean": 706.4175367355347,
    "ttft_p90": 707.2802305221558,
    "tpot_mean": 7.27339873957654,
    "tpot_p90": 7.299125217787238,
    "n_ok": 10,
    "n_total": 10
  },
  "qps_0.2": {
    "e2e_mean": 1.9756197690963746,
    "e2e_p90": 2.5150707006454467,
    "e2e_p99": 2.5182496333122253,
    "ttft_mean": 706.1778545379639,
    "ttft_p90": 707.4647903442383,
    "tpot_mean": 7.25232864303433,
    "tpot_p90": 7.287654170517791,
    "n_ok": 10,
    "n_total": 10
  },
  "qps_0.25": {
    "e2e_mean": 2.409791588783264,
    "e2e_p90": 2.525639772415161,
    "e2e_p99": 2.5265763998031616,
    "ttft_mean": 706.6158294677734,
    "ttft_p90": 707.0914268493652,
    "tpot_mean": 7.263509520961508,
    "tpot_p90": 7.303115928986943,
    "n_ok": 10,
    "n_total": 10
  },
  "qps_0.3": {
    "e2e_mean": 2.1428130149841307,
    "e2e_p90": 2.52256064414978,
    "e2e_p99": 2.524395661354065,
    "ttft_mean": 706.2717914581299,
    "ttft_p90": 706.7554473876953,
    "tpot_mean": 7.2499187362681905,
    "tpot_p90": 7.29571796325316,
    "n_ok": 10,
    "n_total": 10
  },
  "qps_0.4": {
    "e2e_mean": 2.2230313301086424,
    "e2e_p90": 2.5246927976608275,
    "e2e_p99": 2.525121715068817,
    "ttft_mean": 705.8901309967041,
    "ttft_p90": 706.663990020752,
    "tpot_mean": 7.26623936344483,
    "tpot_p90": 7.301769103391104,
    "n_ok": 10,
    "n_total": 10
  },
  "qps_0.5": {
    "e2e_mean": 2.5337435245513915,
    "e2e_p90": 3.1483035326004027,
    "e2e_p99": 3.1592748188972473,
    "ttft_mean": 712.0662212371826,
    "ttft_p90": 718.1796312332153,
    "tpot_mean": 8.867889798981315,
    "tpot_p90": 9.874099748768554,
    "n_ok": 10,
    "n_total": 10
  },
  "qps_0.7": {
    "e2e_mean": 2.7775877714157104,
    "e2e_p90": 3.7610137462615967,
    "e2e_p99": 3.8165470600128173,
    "ttft_mean": 714.6772146224976,
    "ttft_p90": 718.6767578125,
    "tpot_mean": 10.950797352327239,
    "tpot_p90": 12.449537314599043,
    "n_ok": 10,
    "n_total": 10
  },
  "qps_1.0": {
    "e2e_mean": 4.360732674598694,
    "e2e_p90": 5.152356386184692,
    "e2e_p99": 5.721119022369385,
    "ttft_mean": 725.2935409545898,
    "ttft_p90": 732.9585075378418,
    "tpot_mean": 16.76023913994431,
    "tpot_p90": 19.834955036755904,
    "n_ok": 10,
    "n_total": 10
  },
  "burst_1": {
    "e2e_mean": 2.4956789016723633,
    "e2e_p90": 2.4956789016723633,
    "e2e_p99": 2.4956789016723633,
    "ttft_mean": 704.1170597076416,
    "ttft_p90": 704.1170597076416,
    "tpot_mean": 7.195027477769966,
    "tpot_p90": 7.195027477769966,
    "n_ok": 1,
    "n_total": 1
  },
  "burst_2": {
    "e2e_mean": 3.2289174795150757,
    "e2e_p90": 3.256129336357117,
    "e2e_p99": 3.262252004146576,
    "ttft_mean": 1066.198706626892,
    "ttft_p90": 1319.7415113449097,
    "tpot_mean": 8.685617561799933,
    "tpot_p90": 9.594577191823937,
    "n_ok": 2,
    "n_total": 2
  },
  "burst_5": {
    "e2e_mean": 4.578009223937988,
    "e2e_p90": 5.184084796905518,
    "e2e_p99": 5.237810173034668,
    "ttft_mean": 2015.5893802642822,
    "ttft_p90": 3013.459825515747,
    "tpot_mean": 14.361522003633752,
    "tpot_p90": 17.742844696478407,
    "n_ok": 5,
    "n_total": 5
  },
  "burst_8": {
    "e2e_mean": 6.900757431983948,
    "e2e_p90": 7.363010883331299,
    "e2e_p99": 7.412801909446716,
    "ttft_mean": 2920.3289449214935,
    "ttft_p90": 4693.139004707336,
    "tpot_mean": 18.734971320149562,
    "tpot_p90": 25.018279429844448,
    "n_ok": 8,
    "n_total": 8
  },
  "burst_10": {
    "e2e_mean": 8.09056453704834,
    "e2e_p90": 8.639780712127685,
    "e2e_p99": 9.096315689086914,
    "ttft_mean": 3603.2950162887573,
    "ttft_p90": 5915.177321434021,
    "tpot_mean": 22.883320075538954,
    "tpot_p90": 32.714942572301005,
    "n_ok": 10,
    "n_total": 10
  },
  "burst_15": {
    "e2e_mean": 11.148150157928466,
    "e2e_p90": 13.21869215965271,
    "e2e_p99": 13.486427693367004,
    "ttft_mean": 5733.355728785197,
    "ttft_p90": 10333.499431610107,
    "tpot_mean": 25.14598019164107,
    "tpot_p90": 35.3540415415948,
    "n_ok": 15,
    "n_total": 15
  },
  "burst_20": {
    "e2e_mean": 13.55417776107788,
    "e2e_p90": 16.73514392375946,
    "e2e_p99": 17.654325408935545,
    "ttft_mean": 7830.488562583923,
    "ttft_p90": 13431.50396347046,
    "tpot_mean": 27.343506196008843,
    "tpot_p90": 35.85659208297729,
    "n_ok": 20,
    "n_total": 20
  }
}
