{
  "single_10runs": {
    "e2e_mean": 3.6598042437806724,
    "e2e_p90": 3.6854380250209946,
    "e2e_p99": 3.685968234690372,
    "ttft_mean": 1947.9339422890916,
    "ttft_p90": 1954.823847161606,
    "tpot_mean": 6.930485520293175,
    "tpot_p90": 7.02297739573351,
    "n": 10
  },
  "qps_0.1": {
    "e2e_mean": 2.1363177878316493,
    "e2e_p90": 2.149678714037872,
    "e2e_p99": 3.566407682274003,
    "ttft_mean": 386.40809594653547,
    "ttft_p90": 388.9395927777508,
    "tpot_mean": 7.084479898323686,
    "tpot_p90": 7.128337968370844,
    "n": 10
  },
  "qps_0.15": {
    "e2e_mean": 2.106321745319292,
    "e2e_p90": 2.1222693295916537,
    "e2e_p99": 3.503376171339769,
    "ttft_mean": 381.79868950974196,
    "ttft_p90": 384.54522367101106,
    "tpot_mean": 6.981708561937487,
    "tpot_p90": 7.052930024346933,
    "n": 10
  },
  "qps_0.2": {
    "e2e_mean": 2.1122285440564155,
    "e2e_p90": 2.1402616857085373,
    "e2e_p99": 3.479134034714662,
    "ttft_mean": 383.98435190320015,
    "ttft_p90": 387.9266008967528,
    "tpot_mean": 6.996779352886534,
    "tpot_p90": 7.124196234638029,
    "n": 10
  },
  "qps_0.25": {
    "e2e_mean": 2.1420173133723437,
    "e2e_p90": 2.1699068057583637,
    "e2e_p99": 3.5502445946470833,
    "ttft_mean": 385.44483717996627,
    "ttft_p90": 389.8545997217292,
    "tpot_mean": 7.111470494702127,
    "tpot_p90": 7.193599018618947,
    "n": 10
  },
  "qps_0.3": {
    "e2e_mean": 2.1216996083501725,
    "e2e_p90": 2.1343543422175566,
    "e2e_p99": 3.5232049994613046,
    "ttft_mean": 385.5797660769895,
    "ttft_p90": 390.67470906302276,
    "tpot_mean": 7.034409298311581,
    "tpot_p90": 7.0840536342274465,
    "n": 10
  },
  "qps_0.4": {
    "e2e_mean": 2.1142981133889407,
    "e2e_p90": 2.133597045601345,
    "e2e_p99": 3.515350349217188,
    "ttft_mean": 383.00205098930746,
    "ttft_p90": 387.8452949691558,
    "tpot_mean": 7.0148580457192145,
    "tpot_p90": 7.068192830076037,
    "n": 10
  },
  "qps_0.5": {
    "e2e_mean": 2.1350944170961155,
    "e2e_p90": 2.1501958770677443,
    "e2e_p99": 3.561935928300955,
    "ttft_mean": 385.62977802939713,
    "ttft_p90": 387.36490644514504,
    "tpot_mean": 7.088554673933221,
    "tpot_p90": 7.142670040297338,
    "n": 10
  },
  "qps_0.7": {
    "e2e_mean": 2.1497283185832203,
    "e2e_p90": 2.4266718651633705,
    "e2e_p99": 3.5849035109626133,
    "ttft_mean": 420.61996057163924,
    "ttft_p90": 684.6524160820985,
    "tpot_mean": 7.075289655750903,
    "tpot_p90": 7.227489833345182,
    "n": 10
  },
  "qps_1.0": {
    "e2e_mean": 2.2245915540261194,
    "e2e_p90": 2.8775865727104244,
    "e2e_p99": 3.6886392291914674,
    "ttft_mean": 467.5514327129349,
    "ttft_p90": 1074.1663116961713,
    "tpot_mean": 7.202630708531342,
    "tpot_p90": 7.544876573116336,
    "n": 10
  },
  "burst_1": {
    "e2e_mean": 3.6467606120277196,
    "e2e_p90": 0.0,
    "e2e_p99": 0.0,
    "ttft_mean": 1939.4598761573434,
    "ttft_p90": 0.0,
    "tpot_mean": 6.911987271009066,
    "tpot_p90": 0.0,
    "n": 1
  },
  "burst_2": {
    "e2e_mean": 3.724317016894929,
    "e2e_p90": 3.724593964940868,
    "e2e_p99": 3.7246562782512047,
    "ttft_mean": 2020.849484950304,
    "ttft_p90": 2021.1069729179144,
    "tpot_mean": 7.009484967094206,
    "tpot_p90": 7.009521114674431,
    "n": 2
  },
  "burst_5": {
    "e2e_mean": 4.1809174485504625,
    "e2e_p90": 4.181684244051576,
    "e2e_p99": 4.181756488848477,
    "ttft_mean": 2263.401421578601,
    "ttft_p90": 2264.1322609968483,
    "tpot_mean": 8.15773394493822,
    "tpot_p90": 8.158305256052854,
    "n": 5
  },
  "burst_8": {
    "e2e_mean": 4.398008507268969,
    "e2e_p90": 4.400427449750714,
    "e2e_p99": 4.401027832881082,
    "ttft_mean": 2175.541735807201,
    "ttft_p90": 2179.279948840849,
    "tpot_mean": 9.537875682166518,
    "tpot_p90": 9.548175250092129,
    "n": 8
  },
  "burst_10": {
    "e2e_mean": 4.8172116166213526,
    "e2e_p90": 4.8196083450224245,
    "e2e_p99": 4.819822289245203,
    "ttft_mean": 2348.535786359571,
    "ttft_p90": 2354.8582878429443,
    "tpot_mean": 10.825564884049655,
    "tpot_p90": 10.836094486621093,
    "n": 10
  },
  "burst_15": {
    "e2e_mean": 5.753855090355501,
    "e2e_p90": 5.758399567427114,
    "e2e_p99": 5.759183968752622,
    "ttft_mean": 2433.7822061652937,
    "ttft_p90": 2438.723422959447,
    "tpot_mean": 14.493911196050686,
    "tpot_p90": 14.506081180590078,
    "n": 15
  },
  "burst_20": {
    "e2e_mean": 7.029781712195836,
    "e2e_p90": 7.032811842975207,
    "e2e_p99": 7.033826232862193,
    "ttft_mean": 2682.6896996586584,
    "ttft_p90": 2692.303948942572,
    "tpot_mean": 19.23222227606189,
    "tpot_p90": 19.266684203350966,
    "n": 20
  }
}